Date,vixo,vixh,vixl,vix
03JAN2011,17.94,17.95,16.91,17.61
04JAN2011,17.34,18.24,17.33,17.38
05JAN2011,17.81,17.95,16.86,17.02
06JAN2011,16.80,17.56,16.79,17.40
07JAN2011,17.31,18.07,16.57,17.14
10JAN2011,18.35,18.63,17.54,17.54
11JAN2011,16.61,17.35,16.60,16.89
12JAN2011,16.26,16.50,16.17,16.24
13JAN2011,16.51,16.78,16.14,16.39
14JAN2011,16.67,16.71,15.37,15.46
18JAN2011,16.19,16.20,15.71,15.87
19JAN2011,15.89,17.67,15.86,17.31
20JAN2011,17.81,18.85,17.65,17.99
21JAN2011,17.03,18.61,16.60,18.47
24JAN2011,18.78,18.93,17.56,17.65
25JAN2011,18.22,18.55,17.59,17.59
26JAN2011,17.00,17.42,16.59,16.64
27JAN2011,16.84,16.89,15.81,16.15
28JAN2011,15.94,20.08,15.92,20.04
31JAN2011,19.61,19.96,17.10,19.53
01FEB2011,18.59,18.63,17.40,17.63
02FEB2011,17.82,17.84,17.28,17.30
03FEB2011,17.53,17.80,16.61,16.69
04FEB2011,16.64,16.74,15.89,15.93
07FEB2011,16.14,16.54,15.84,16.28
08FEB2011,16.29,16.60,14.86,15.81
09FEB2011,16.27,16.52,15.86,15.87
10FEB2011,16.74,17.07,16.00,16.09
11FEB2011,16.53,16.53,15.55,15.69
14FEB2011,16.07,16.26,15.22,15.95
15FEB2011,16.30,16.75,16.27,16.37
16FEB2011,16.31,16.74,15.84,16.72
17FEB2011,17.01,17.30,15.88,16.59
18FEB2011,16.59,16.91,15.54,16.43
22FEB2011,19.46,21.45,18.38,20.80
23FEB2011,20.84,23.22,20.30,22.13
24FEB2011,22.28,22.71,20.81,21.32
25FEB2011,20.41,20.44,18.88,19.22
28FEB2011,19.12,19.27,18.14,18.35
01MAR2011,17.63,21.01,17.63,21.01
02MAR2011,20.73,21.14,19.62,20.70
03MAR2011,19.27,19.27,18.25,18.60
04MAR2011,18.56,20.33,18.31,19.06
07MAR2011,19.37,21.77,18.95,20.66
08MAR2011,20.58,21.06,19.15,19.82
09MAR2011,20.05,20.96,19.41,20.22
10MAR2011,21.37,22.25,20.34,21.88
11MAR2011,21.72,21.75,19.97,20.08
14MAR2011,21.79,22.74,20.92,21.13
15MAR2011,25.66,25.72,23.31,24.32
16MAR2011,24.65,31.28,24.04,29.40
17MAR2011,26.94,27.54,25.44,26.37
18MAR2011,23.90,24.85,23.09,24.44
21MAR2011,22.10,22.16,20.22,20.61
22MAR2011,20.53,20.59,19.97,20.21
23MAR2011,20.59,21.05,18.19,19.17
24MAR2011,18.45,18.99,17.87,18.00
25MAR2011,17.87,18.08,17.07,17.91
28MAR2011,18.31,19.44,17.96,19.44
29MAR2011,19.17,19.78,18.00,18.16
30MAR2011,17.82,17.89,17.25,17.71
31MAR2011,17.90,17.95,17.41,17.74
01APR2011,16.68,17.62,16.44,17.40
04APR2011,17.63,17.85,17.39,17.50
05APR2011,17.87,17.87,16.50,17.25
06APR2011,16.75,17.15,16.50,16.90
07APR2011,16.92,17.77,16.49,17.11
08APR2011,16.51,18.33,16.51,17.87
11APR2011,16.74,17.05,16.22,16.59
12APR2011,17.58,18.46,16.88,17.09
13APR2011,16.33,17.38,16.20,16.92
14APR2011,17.77,18.08,16.08,16.27
15APR2011,15.97,15.98,14.92,15.32
18APR2011,18.30,19.07,16.81,16.96
19APR2011,16.62,16.72,15.69,15.83
20APR2011,14.31,15.39,14.30,15.07
21APR2011,14.71,15.23,14.40,14.69
25APR2011,15.64,16.06,15.50,15.77
26APR2011,15.36,15.66,15.07,15.62
27APR2011,15.37,16.42,15.13,15.35
28APR2011,15.54,15.54,14.27,14.62
29APR2011,14.56,14.99,14.49,14.75
02MAY2011,15.07,16.13,15.07,15.99
03MAY2011,16.35,17.29,16.13,16.70
04MAY2011,16.84,17.72,16.83,17.08
05MAY2011,17.68,19.11,16.74,18.20
06MAY2011,17.17,19.29,16.12,18.40
09MAY2011,18.59,18.59,17.04,17.16
10MAY2011,16.84,16.90,15.79,15.91
11MAY2011,16.27,17.49,16.23,16.95
12MAY2011,17.27,17.89,16.03,16.03
13MAY2011,16.02,17.56,15.98,17.07
16MAY2011,17.86,18.25,16.61,18.24
17MAY2011,18.54,19.09,17.47,17.55
18MAY2011,17.56,17.68,16.03,16.23
19MAY2011,15.90,16.56,15.50,15.52
20MAY2011,15.88,17.43,15.70,17.43
23MAY2011,20.03,20.03,17.47,18.27
24MAY2011,18.07,18.19,17.00,17.82
25MAY2011,18.26,18.26,16.70,17.07
26MAY2011,17.17,17.46,15.90,16.09
27MAY2011,16.11,16.27,15.36,15.98
31MAY2011,15.85,16.50,15.15,15.45
01JUN2011,15.95,18.48,15.95,18.30
02JUN2011,17.92,18.72,17.39,18.09
03JUN2011,18.23,19.87,17.12,17.95
06JUN2011,18.42,18.65,17.65,18.49
07JUN2011,18.13,18.48,17.39,18.07
08JUN2011,18.15,18.83,17.72,18.79
09JUN2011,18.20,18.31,17.26,17.77
10JUN2011,17.93,19.16,17.93,18.86
13JUN2011,19.10,20.02,18.41,19.61
14JUN2011,18.56,18.56,17.80,18.26
15JUN2011,19.31,21.66,19.03,21.32
16JUN2011,21.37,24.65,20.81,22.73
17JUN2011,21.56,22.39,20.35,21.85
20JUN2011,22.99,23.08,19.99,19.99
21JUN2011,19.46,19.46,17.72,18.86
22JUN2011,18.86,18.90,17.72,18.52
23JUN2011,20.23,21.50,19.22,19.29
24JUN2011,19.20,21.28,19.10,21.10
27JUN2011,21.60,21.82,20.27,20.56
28JUN2011,20.30,20.45,19.17,19.17
29JUN2011,18.62,18.83,16.32,17.27
30JUN2011,16.67,16.77,15.88,16.52
01JUL2011,16.06,16.29,15.12,15.87
05JUL2011,16.32,16.50,15.89,16.06
06JUL2011,16.46,17.08,16.32,16.34
07JUL2011,15.30,16.13,15.30,15.95
08JUL2011,17.14,17.14,15.95,15.95
11JUL2011,17.44,19.06,17.16,18.39
12JUL2011,19.55,20.13,18.25,19.87
13JUL2011,19.08,20.16,18.09,19.91
14JUL2011,20.08,21.58,19.35,20.80
15JUL2011,20.25,21.68,19.52,19.53
18JUL2011,21.25,21.93,20.90,20.95
19JUL2011,20.14,20.43,19.12,19.21
20JUL2011,18.81,19.65,18.61,19.09
21JUL2011,18.61,18.63,17.15,17.56
22JUL2011,17.22,17.95,17.14,17.52
25JUL2011,19.26,19.50,18.73,19.35
26JUL2011,19.75,20.50,19.56,20.23
27JUL2011,20.87,23.20,20.87,22.98
28JUL2011,22.83,23.99,21.20,23.74
29JUL2011,25.28,25.94,23.65,25.25
01AUG2011,22.63,25.63,22.46,23.66
02AUG2011,24.22,24.79,22.65,24.79
03AUG2011,23.58,25.23,22.76,23.38
04AUG2011,24.57,32.07,24.31,31.66
05AUG2011,28.48,39.25,27.54,32.00
08AUG2011,36.90,48.00,35.29,48.00
09AUG2011,42.12,47.56,34.28,35.06
10AUG2011,39.33,44.41,37.34,42.99
11AUG2011,41.94,42.88,37.50,39.00
12AUG2011,37.08,37.85,34.01,36.36
15AUG2011,34.73,34.83,31.47,31.87
16AUG2011,33.36,34.49,31.68,32.85
17AUG2011,32.09,33.32,30.81,31.58
18AUG2011,36.77,45.28,36.69,42.67
19AUG2011,45.34,45.40,39.99,43.05
22AUG2011,38.80,43.58,38.78,42.44
23AUG2011,41.89,42.54,35.83,36.27
24AUG2011,37.12,37.38,34.55,35.90
25AUG2011,34.43,40.14,34.05,39.76
26AUG2011,41.18,43.84,34.33,35.59
29AUG2011,33.81,33.81,32.21,32.28
30AUG2011,32.97,33.55,31.55,32.89
31AUG2011,31.20,32.53,30.16,31.62
01SEP2011,31.91,32.38,30.76,31.82
02SEP2011,34.29,34.74,32.70,33.92
06SEP2011,39.84,39.86,37.00,37.00
07SEP2011,34.24,34.70,33.38,33.38
08SEP2011,34.41,34.71,32.79,34.32
09SEP2011,35.53,40.74,35.53,38.52
12SEP2011,42.56,43.18,38.58,38.59
13SEP2011,38.68,39.43,36.69,36.91
14SEP2011,36.59,37.76,33.40,34.60
15SEP2011,33.43,33.98,31.75,31.97
16SEP2011,31.81,32.48,30.43,30.98
19SEP2011,34.80,35.33,32.35,32.73
20SEP2011,32.42,33.14,31.45,32.86
21SEP2011,33.00,37.32,32.45,37.32
22SEP2011,41.00,43.87,39.33,41.35
23SEP2011,42.17,42.82,40.42,41.25
26SEP2011,40.99,43.34,39.02,39.02
27SEP2011,36.59,38.57,35.32,37.71
28SEP2011,37.70,41.24,36.65,41.08
29SEP2011,38.62,42.00,38.03,38.84
30SEP2011,40.93,42.99,39.88,42.96
03OCT2011,44.25,45.55,41.51,45.45
04OCT2011,46.18,46.88,40.02,40.82
05OCT2011,40.73,41.20,37.51,37.81
06OCT2011,38.24,38.74,36.15,36.27
07OCT2011,35.67,37.82,35.19,36.20
10OCT2011,35.45,35.45,32.96,33.02
11OCT2011,33.95,34.24,32.62,32.86
12OCT2011,31.57,31.93,29.79,31.26
13OCT2011,31.99,32.76,30.48,30.70
14OCT2011,29.07,29.96,28.08,28.24
17OCT2011,30.35,33.39,30.12,33.39
18OCT2011,33.37,34.71,29.69,31.56
19OCT2011,32.92,35.47,31.91,34.44
20OCT2011,34.44,36.87,34.16,34.78
21OCT2011,32.76,32.98,31.32,31.32
24OCT2011,31.67,31.70,28.84,29.26
25OCT2011,30.68,32.46,30.32,32.22
26OCT2011,30.44,33.30,29.63,29.86
27OCT2011,24.72,26.46,24.70,25.46
28OCT2011,26.02,26.02,24.44,24.53
31OCT2011,27.09,29.97,27.01,29.96
01NOV2011,36.03,37.53,33.87,34.77
02NOV2011,33.53,34.27,32.55,32.74
03NOV2011,31.38,34.65,30.21,30.50
04NOV2011,31.46,32.56,30.14,30.16
07NOV2011,31.40,32.15,29.85,29.85
08NOV2011,29.34,30.49,27.47,27.48
09NOV2011,31.32,36.43,30.98,36.16
10NOV2011,33.09,35.50,32.12,32.81
11NOV2011,29.91,30.42,29.45,30.04
14NOV2011,31.42,32.85,31.13,31.13
15NOV2011,31.74,32.55,30.40,31.22
16NOV2011,32.66,33.51,30.54,33.51
17NOV2011,33.15,36.46,32.89,34.51
18NOV2011,33.16,33.99,31.92,32.00
21NOV2011,34.59,35.29,32.53,32.91
22NOV2011,33.12,33.39,31.28,31.97
23NOV2011,32.91,34.57,32.68,33.98
25NOV2011,34.61,34.77,33.12,34.47
28NOV2011,31.93,33.11,29.47,32.13
29NOV2011,31.76,32.02,30.56,30.64
30NOV2011,27.72,28.50,27.03,27.80
01DEC2011,27.63,27.89,26.64,27.41
02DEC2011,26.26,27.62,25.29,27.52
05DEC2011,26.74,28.31,26.00,27.84
06DEC2011,27.91,28.13,27.41,28.13
07DEC2011,28.61,29.58,28.44,28.67
08DEC2011,29.63,30.91,29.02,30.59
09DEC2011,29.61,29.61,26.29,26.38
12DEC2011,26.78,27.73,25.64,25.67
13DEC2011,24.72,26.28,23.27,25.41
14DEC2011,26.16,27.55,25.76,26.04
15DEC2011,24.38,25.28,23.88,25.11
16DEC2011,24.16,25.02,23.51,24.29
19DEC2011,25.14,25.38,24.38,24.92
20DEC2011,23.56,23.58,22.54,23.22
21DEC2011,22.52,23.94,21.12,21.43
22DEC2011,21.08,21.33,20.34,21.16
23DEC2011,21.10,21.21,20.72,20.73
27DEC2011,22.58,22.66,21.68,21.91
28DEC2011,22.12,23.56,22.11,23.52
29DEC2011,23.52,23.52,22.65,22.65
30DEC2011,22.86,23.46,22.65,23.40
03JAN2012,22.95,23.10,22.54,22.97
04JAN2012,23.44,23.73,22.22,22.22
05JAN2012,22.75,23.09,21.34,21.48
06JAN2012,21.24,21.72,20.58,20.63
09JAN2012,21.67,21.78,21.00,21.07
10JAN2012,20.14,20.69,20.05,20.69
11JAN2012,21.18,21.22,20.98,21.05
12JAN2012,21.01,22.03,20.46,20.47
13JAN2012,21.41,22.43,20.91,20.91
17JAN2012,20.90,22.25,20.69,22.20
18JAN2012,23.20,23.44,20.78,20.89
19JAN2012,20.49,20.87,19.45,19.87
20JAN2012,19.91,19.94,18.16,18.28
23JAN2012,19.22,19.31,18.55,18.67
24JAN2012,19.76,20.00,18.63,18.91
25JAN2012,19.35,19.55,17.15,18.31
26JAN2012,17.96,19.17,16.80,18.57
27JAN2012,19.16,19.16,18.26,18.53
30JAN2012,20.33,20.33,19.38,19.40
31JAN2012,19.07,19.84,18.13,19.44
01FEB2012,18.68,18.82,17.99,18.55
02FEB2012,18.38,18.50,17.98,17.98
03FEB2012,16.84,17.32,16.10,17.10
06FEB2012,17.98,18.02,16.11,17.76
07FEB2012,17.93,18.10,17.50,17.65
08FEB2012,17.79,18.46,17.53,18.16
09FEB2012,18.12,18.72,18.07,18.63
10FEB2012,20.10,21.98,19.02,20.79
13FEB2012,19.64,19.68,17.92,19.04
14FEB2012,19.45,20.76,18.95,19.54
15FEB2012,19.74,21.77,19.44,21.14
16FEB2012,21.59,21.76,19.22,19.22
17FEB2012,18.73,18.79,17.54,17.78
21FEB2012,18.41,18.94,17.65,18.19
22FEB2012,18.85,18.94,17.74,18.19
23FEB2012,18.73,18.97,16.64,16.80
24FEB2012,16.68,17.62,16.42,17.31
27FEB2012,19.10,19.25,17.58,18.19
28FEB2012,18.67,18.67,17.88,17.96
29FEB2012,17.80,18.75,17.53,18.43
01MAR2012,18.02,18.03,17.26,17.26
02MAR2012,17.65,17.65,17.14,17.29
05MAR2012,18.27,18.90,18.02,18.05
06MAR2012,20.57,21.24,20.30,20.87
07MAR2012,20.43,20.44,19.07,19.07
08MAR2012,18.08,18.46,17.76,17.95
09MAR2012,17.16,17.54,16.63,17.11
12MAR2012,15.79,16.67,15.23,15.64
13MAR2012,14.00,16.08,13.99,14.80
14MAR2012,14.42,16.19,14.39,15.31
15MAR2012,15.32,16.06,14.58,15.42
16MAR2012,14.43,15.24,13.66,14.47
19MAR2012,15.42,15.43,14.54,15.04
20MAR2012,15.82,15.95,15.11,15.58
21MAR2012,14.72,15.31,14.19,15.13
22MAR2012,16.04,16.58,15.56,15.57
23MAR2012,15.65,16.39,14.69,14.82
26MAR2012,14.51,15.03,14.26,14.26
27MAR2012,14.52,15.59,14.14,15.59
28MAR2012,15.58,17.27,15.40,15.47
29MAR2012,16.84,17.20,15.39,15.48
30MAR2012,14.88,15.98,14.67,15.50
02APR2012,16.35,16.58,15.02,15.64
03APR2012,15.61,16.65,15.56,15.66
04APR2012,17.07,17.74,16.31,16.44
05APR2012,17.02,17.13,16.29,16.70
09APR2012,18.94,18.94,17.93,18.81
10APR2012,19.10,21.06,18.62,20.39
11APR2012,19.22,20.12,18.73,20.02
12APR2012,19.63,19.74,17.20,17.20
13APR2012,17.95,19.62,17.85,19.55
16APR2012,18.87,20.42,18.60,19.55
17APR2012,18.66,18.66,17.58,18.46
18APR2012,19.02,19.17,17.70,18.64
19APR2012,18.51,19.69,17.69,18.36
20APR2012,17.92,18.05,16.97,17.44
23APR2012,20.22,20.27,18.95,18.97
24APR2012,19.22,19.22,18.09,18.10
25APR2012,17.05,17.38,16.82,16.82
26APR2012,16.97,17.04,15.75,16.24
27APR2012,15.83,16.47,15.83,16.32
30APR2012,17.04,17.41,16.92,17.15
01MAY2012,17.27,17.49,16.01,16.60
02MAY2012,17.25,17.63,16.78,16.88
03MAY2012,16.90,17.92,16.73,17.56
04MAY2012,18.03,19.28,17.81,19.16
07MAY2012,19.80,19.87,18.41,18.94
08MAY2012,19.44,20.91,17.95,19.05
09MAY2012,20.65,21.59,19.38,20.08
10MAY2012,19.25,19.88,18.77,18.83
11MAY2012,19.93,19.94,18.62,19.89
14MAY2012,21.47,21.87,20.94,21.87
15MAY2012,21.43,22.70,20.76,21.97
16MAY2012,21.54,22.69,20.83,22.27
17MAY2012,21.99,24.51,21.87,24.49
18MAY2012,23.27,25.14,23.07,25.10
21MAY2012,24.88,24.88,22.01,22.01
22MAY2012,21.76,23.19,19.98,22.48
23MAY2012,23.32,24.62,21.99,22.33
24MAY2012,22.00,23.22,21.48,21.54
25MAY2012,22.05,22.29,21.30,21.76
29MAY2012,21.70,22.47,20.99,21.03
30MAY2012,22.68,24.14,22.66,24.14
31MAY2012,23.83,25.46,22.78,24.06
01JUN2012,25.87,26.71,23.94,26.66
04JUN2012,26.35,27.73,25.72,26.12
05JUN2012,25.90,25.90,24.50,24.68
06JUN2012,23.76,23.89,21.80,22.16
07JUN2012,21.00,22.48,20.74,21.72
08JUN2012,22.54,23.10,20.29,21.23
11JUN2012,19.87,23.56,19.63,23.56
12JUN2012,23.15,23.90,22.09,22.09
13JUN2012,22.93,24.93,22.66,24.27
14JUN2012,24.19,24.81,21.55,21.68
15JUN2012,22.47,23.09,20.61,21.11
18JUN2012,21.76,21.98,18.24,18.32
19JUN2012,17.66,18.62,17.36,18.38
20JUN2012,17.96,20.05,17.09,17.24
21JUN2012,16.89,20.48,16.77,20.08
22JUN2012,18.65,19.37,17.90,18.11
25JUN2012,20.47,21.36,19.89,20.38
26JUN2012,20.01,20.57,19.42,19.72
27JUN2012,19.55,20.12,19.38,19.45
28JUN2012,20.33,21.19,19.60,19.71
29JUN2012,17.52,19.71,16.87,17.08
02JUL2012,17.62,18.19,16.66,16.80
03JUL2012,16.67,16.92,16.27,16.66
05JUL2012,17.61,18.22,17.18,17.50
06JUL2012,18.20,18.25,16.95,17.10
09JUL2012,18.17,18.32,17.73,17.98
10JUL2012,17.51,19.19,17.29,18.72
11JUL2012,17.98,19.17,17.84,17.95
12JUL2012,18.82,19.51,17.75,18.33
13JUL2012,17.78,17.82,16.36,16.74
16JUL2012,17.31,17.32,16.46,17.11
17JUL2012,16.72,17.46,16.09,16.48
18JUL2012,16.81,16.81,15.69,16.16
19JUL2012,16.06,16.70,15.45,15.45
20JUL2012,16.65,17.05,15.97,16.27
23JUL2012,20.41,20.49,18.34,18.62
24JUL2012,18.38,21.00,18.37,20.47
25JUL2012,19.79,20.67,18.99,19.34
26JUL2012,17.68,18.47,17.07,17.53
27JUL2012,17.11,17.30,16.52,16.70
30JUL2012,17.55,18.08,17.23,18.03
31JUL2012,18.40,19.09,18.26,18.93
01AUG2012,18.80,19.18,18.20,18.96
02AUG2012,19.05,19.25,17.56,17.57
03AUG2012,16.05,16.45,15.64,15.64
06AUG2012,15.85,16.27,15.82,15.95
07AUG2012,15.55,16.03,15.48,15.99
08AUG2012,16.46,16.47,15.27,15.32
09AUG2012,15.39,15.67,15.28,15.28
10AUG2012,15.34,15.50,14.73,14.74
13AUG2012,14.09,14.67,13.67,13.70
14AUG2012,13.91,15.06,13.91,14.85
15AUG2012,14.82,14.98,14.36,14.63
16AUG2012,14.88,15.15,14.28,14.29
17AUG2012,14.23,14.30,13.30,13.45
20AUG2012,14.11,14.78,13.38,14.02
21AUG2012,14.10,15.44,13.46,15.02
22AUG2012,15.32,15.52,14.75,15.11
23AUG2012,15.00,16.45,15.00,15.96
24AUG2012,15.99,16.00,15.18,15.18
27AUG2012,16.15,16.38,15.75,16.35
28AUG2012,16.32,16.92,16.01,16.49
29AUG2012,16.61,17.06,16.50,17.06
30AUG2012,17.48,18.05,17.44,17.83
31AUG2012,17.25,18.04,16.56,17.47
04SEP2012,18.65,18.96,17.85,17.98
05SEP2012,17.38,17.84,16.99,17.74
06SEP2012,17.30,17.30,15.60,15.60
07SEP2012,15.60,15.60,14.33,14.38
10SEP2012,14.27,16.28,13.97,16.28
11SEP2012,16.11,16.41,15.46,16.41
12SEP2012,15.59,16.31,15.43,15.80
13SEP2012,15.60,16.54,13.91,14.05
14SEP2012,13.82,14.71,13.51,14.51
17SEP2012,14.67,14.92,14.38,14.59
18SEP2012,14.51,14.88,13.97,14.18
19SEP2012,13.95,14.08,13.61,13.88
20SEP2012,14.63,14.67,14.07,14.07
21SEP2012,13.94,14.18,13.69,13.98
24SEP2012,15.06,15.06,13.87,14.15
25SEP2012,14.19,15.72,14.03,15.43
26SEP2012,15.83,17.08,15.83,16.81
27SEP2012,16.38,16.50,14.83,14.84
28SEP2012,15.23,15.77,14.95,15.73
01OCT2012,16.03,16.53,15.13,16.32
02OCT2012,15.85,16.50,15.70,15.71
03OCT2012,15.63,16.02,15.13,15.43
04OCT2012,15.23,15.33,14.53,14.55
05OCT2012,13.68,14.78,13.67,14.33
08OCT2012,15.19,15.46,15.04,15.11
09OCT2012,15.28,16.40,15.18,16.37
10OCT2012,16.52,16.79,16.13,16.29
11OCT2012,15.33,15.80,15.31,15.59
12OCT2012,15.41,16.18,14.96,16.14
15OCT2012,16.05,16.21,15.23,15.27
16OCT2012,14.84,15.23,14.50,15.22
17OCT2012,15.43,15.63,14.90,15.07
18OCT2012,15.25,15.50,14.68,15.03
19OCT2012,14.91,17.60,14.90,17.06
22OCT2012,17.44,17.98,16.62,16.62
23OCT2012,18.23,19.65,18.17,18.83
24OCT2012,18.22,18.67,17.93,18.33
25OCT2012,17.56,18.64,17.30,18.12
26OCT2012,18.03,18.64,17.52,17.81
31OCT2012,17.68,18.84,17.56,18.60
01NOV2012,17.77,17.79,16.45,16.69
02NOV2012,16.06,17.60,16.05,17.59
05NOV2012,18.33,18.70,18.13,18.42
06NOV2012,18.16,18.17,17.19,17.58
07NOV2012,17.72,19.40,17.62,19.08
08NOV2012,18.69,18.69,17.96,18.49
09NOV2012,18.80,18.81,17.67,18.61
12NOV2012,18.15,18.15,16.45,16.68
13NOV2012,17.36,17.38,16.12,16.65
14NOV2012,16.32,18.05,15.93,17.92
15NOV2012,17.74,18.64,17.62,17.99
16NOV2012,17.65,18.50,16.41,16.41
19NOV2012,15.88,15.98,15.10,15.24
20NOV2012,15.11,15.65,15.06,15.08
21NOV2012,14.96,15.43,14.77,15.31
23NOV2012,15.00,15.26,15.00,15.14
26NOV2012,15.63,15.84,15.47,15.50
27NOV2012,15.30,15.93,15.01,15.92
28NOV2012,16.43,16.98,15.47,15.51
29NOV2012,15.21,15.51,15.02,15.06
30NOV2012,15.26,16.17,14.89,15.87
03DEC2012,15.81,16.69,15.76,16.64
04DEC2012,16.66,17.37,16.38,17.12
05DEC2012,16.95,17.53,16.27,16.46
06DEC2012,16.59,16.85,16.31,16.58
07DEC2012,16.12,16.65,15.73,15.90
10DEC2012,16.47,16.47,15.96,16.05
11DEC2012,15.94,16.01,15.42,15.57
12DEC2012,15.60,16.09,15.41,15.95
13DEC2012,15.87,16.67,15.71,16.56
14DEC2012,16.68,17.15,16.61,17.00
17DEC2012,17.20,17.20,16.21,16.34
18DEC2012,16.39,16.43,15.46,15.57
19DEC2012,16.05,17.46,16.04,17.36
20DEC2012,17.26,17.96,17.11,17.67
21DEC2012,19.85,19.93,17.76,17.84
24DEC2012,18.46,18.66,17.84,17.84
26DEC2012,18.71,19.63,18.61,19.48
27DEC2012,19.39,20.90,19.11,19.47
28DEC2012,20.32,23.23,19.94,22.72
31DEC2012,22.14,22.72,17.88,18.02
02JAN2013,15.24,15.93,14.60,14.68
03JAN2013,14.77,14.92,14.24,14.56
04JAN2013,14.23,14.31,13.64,13.83
07JAN2013,14.53,14.53,13.71,13.79
08JAN2013,13.88,14.29,13.62,13.62
09JAN2013,13.32,13.93,13.22,13.81
10JAN2013,13.33,13.88,13.33,13.49
11JAN2013,13.55,13.79,13.22,13.36
14JAN2013,13.66,13.85,13.41,13.52
15JAN2013,13.97,13.99,13.33,13.55
16JAN2013,13.70,13.76,13.20,13.42
17JAN2013,13.45,13.70,13.16,13.57
18JAN2013,13.52,13.53,12.29,12.46
22JAN2013,13.28,13.32,12.43,12.43
23JAN2013,12.67,12.67,12.30,12.46
24JAN2013,12.73,13.50,12.40,12.69
25JAN2013,12.63,12.99,12.50,12.89
28JAN2013,13.29,13.91,13.29,13.57
29JAN2013,13.87,13.88,13.04,13.31
30JAN2013,13.64,14.33,13.60,14.32
31JAN2013,14.43,14.43,14.04,14.28
01FEB2013,13.37,13.38,12.72,12.90
04FEB2013,14.00,14.75,13.80,14.67
05FEB2013,14.21,14.21,13.39,13.72
06FEB2013,14.06,14.08,13.34,13.41
07FEB2013,13.47,14.41,13.43,13.50
08FEB2013,13.20,13.20,12.89,13.02
11FEB2013,13.37,13.42,12.91,12.94
12FEB2013,12.82,13.13,12.63,12.64
13FEB2013,12.88,13.19,12.67,12.98
14FEB2013,13.30,13.32,12.64,12.66
15FEB2013,12.47,12.89,12.24,12.46
19FEB2013,12.81,12.85,12.08,12.31
20FEB2013,12.32,14.68,12.32,14.68
21FEB2013,14.68,16.21,14.67,15.22
22FEB2013,14.60,15.02,14.16,14.17
25FEB2013,13.69,19.28,13.57,18.99
26FEB2013,17.50,18.23,16.75,16.87
27FEB2013,16.57,16.60,14.42,14.73
28FEB2013,15.00,15.60,14.16,15.51
01MAR2013,16.10,16.82,15.14,15.36
04MAR2013,16.16,16.16,14.01,14.01
05MAR2013,13.44,13.66,13.24,13.48
06MAR2013,13.18,13.77,13.17,13.53
07MAR2013,13.45,13.56,13.03,13.06
08MAR2013,12.67,13.30,12.49,12.59
11MAR2013,12.31,12.34,11.50,11.56
12MAR2013,11.79,12.93,11.74,12.27
13MAR2013,12.18,12.55,11.79,11.83
14MAR2013,11.70,11.75,11.05,11.30
15MAR2013,11.52,11.99,11.21,11.30
18MAR2013,13.47,13.64,12.57,13.36
19MAR2013,13.03,15.40,12.92,14.39
20MAR2013,13.18,13.18,12.30,12.67
21MAR2013,13.07,14.21,12.62,13.99
22MAR2013,13.34,13.85,13.19,13.57
25MAR2013,12.85,14.61,12.39,13.74
26MAR2013,12.95,13.21,12.69,12.77
27MAR2013,13.72,13.97,12.97,13.15
28MAR2013,12.91,13.07,12.54,12.70
01APR2013,13.46,14.05,13.26,13.58
02APR2013,13.11,13.18,12.76,12.78
03APR2013,12.65,14.66,12.62,14.21
04APR2013,14.10,14.79,13.89,13.89
05APR2013,15.64,15.65,13.86,13.92
08APR2013,14.04,14.50,13.19,13.19
09APR2013,13.11,13.68,12.75,12.84
10APR2013,12.66,12.88,12.32,12.36
11APR2013,12.55,12.62,12.15,12.24
12APR2013,12.61,13.12,11.99,12.06
15APR2013,13.12,17.27,12.66,17.27
16APR2013,14.72,14.87,13.91,13.96
17APR2013,15.35,17.90,14.98,16.51
18APR2013,16.34,18.20,16.32,17.56
19APR2013,16.67,16.98,14.87,14.97
22APR2013,15.08,16.00,14.04,14.39
23APR2013,13.81,14.87,13.46,13.48
24APR2013,13.57,13.75,13.36,13.61
25APR2013,13.61,13.87,13.13,13.62
26APR2013,13.94,14.18,13.49,13.61
29APR2013,13.72,13.94,13.36,13.71
30APR2013,13.71,14.28,13.51,13.52
01MAY2013,13.88,14.67,13.87,14.49
02MAY2013,14.48,14.48,13.58,13.59
03MAY2013,12.92,13.15,12.77,12.85
06MAY2013,13.06,13.19,12.66,12.66
07MAY2013,12.63,12.96,12.49,12.83
08MAY2013,12.87,13.04,12.62,12.66
09MAY2013,12.91,13.53,12.78,13.13
10MAY2013,13.08,13.45,12.54,12.59
13MAY2013,12.57,12.87,12.49,12.55
14MAY2013,12.61,13.21,12.54,12.77
15MAY2013,12.98,13.43,12.78,12.81
16MAY2013,13.07,13.46,12.79,13.07
17MAY2013,12.73,12.94,12.26,12.45
20MAY2013,13.28,13.28,12.84,13.02
21MAY2013,13.08,13.44,12.89,13.37
22MAY2013,13.45,14.45,13.05,13.82
23MAY2013,14.94,15.11,13.87,14.07
24MAY2013,14.59,14.79,13.99,13.99
28MAY2013,13.67,14.56,13.56,14.48
29MAY2013,15.30,15.65,14.59,14.83
30MAY2013,14.90,14.98,14.27,14.53
31MAY2013,15.02,16.35,14.36,16.30
03JUN2013,16.40,17.58,16.15,16.28
04JUN2013,16.16,17.25,15.82,16.27
05JUN2013,16.86,17.84,16.57,17.50
06JUN2013,17.70,18.51,16.60,16.63
07JUN2013,15.90,16.21,14.96,15.14
10JUN2013,15.16,15.60,15.10,15.44
11JUN2013,16.91,17.14,16.00,17.07
12JUN2013,16.51,18.60,16.43,18.59
13JUN2013,18.38,18.58,16.37,16.41
14JUN2013,16.63,17.26,16.03,17.15
17JUN2013,16.53,17.62,16.33,16.80
18JUN2013,16.81,16.95,16.46,16.61
19JUN2013,16.89,17.18,15.36,16.64
20JUN2013,18.40,21.32,18.01,20.49
21JUN2013,18.97,20.93,18.25,18.90
24JUN2013,20.87,21.91,18.58,20.11
25JUN2013,18.65,19.22,17.82,18.47
26JUN2013,17.23,18.06,17.08,17.21
27JUN2013,16.60,16.97,16.34,16.86
28JUN2013,17.25,17.69,16.19,16.86
01JUL2013,16.90,16.90,16.00,16.37
02JUL2013,16.49,16.93,15.88,16.44
03JUL2013,17.22,17.32,16.20,16.20
05JUL2013,15.59,16.28,14.89,14.89
08JUL2013,14.66,15.27,14.66,14.78
09JUL2013,14.33,14.65,14.26,14.35
10JUL2013,14.46,14.62,14.06,14.21
11JUL2013,13.57,14.20,13.57,14.01
12JUL2013,13.90,14.04,13.74,13.84
15JUL2013,13.98,14.11,13.50,13.79
16JUL2013,13.78,14.56,13.78,14.42
17JUL2013,14.20,14.44,13.76,13.78
18JUL2013,13.63,13.80,13.20,13.77
19JUL2013,13.89,13.97,12.54,12.54
22JUL2013,13.23,13.37,12.29,12.29
23JUL2013,12.15,13.06,12.07,12.66
24JUL2013,12.69,13.49,12.69,13.18
25JUL2013,13.47,13.54,12.91,12.97
26JUL2013,13.41,13.73,12.71,12.72
29JUL2013,13.54,13.86,13.38,13.39
30JUL2013,13.45,14.14,13.35,13.39
31JUL2013,13.55,13.83,12.94,13.45
01AUG2013,12.89,13.25,12.82,12.94
02AUG2013,12.66,12.74,11.98,11.98
05AUG2013,12.29,12.42,11.83,11.84
06AUG2013,12.19,12.93,12.06,12.72
07AUG2013,13.17,13.91,12.96,12.98
08AUG2013,12.50,13.13,12.37,12.73
09AUG2013,12.88,13.66,12.71,13.41
12AUG2013,13.52,13.57,12.80,12.81
13AUG2013,12.86,13.37,12.29,12.31
14AUG2013,12.48,13.09,12.35,13.04
15AUG2013,14.14,14.85,13.91,14.73
16AUG2013,14.56,14.88,13.62,14.37
19AUG2013,14.94,15.20,14.35,15.10
20AUG2013,15.22,15.25,14.29,14.91
21AUG2013,16.00,16.56,14.67,15.94
22AUG2013,15.26,15.26,14.66,14.76
23AUG2013,14.29,14.82,13.98,13.98
26AUG2013,14.37,15.01,13.90,14.99
27AUG2013,16.56,17.13,15.82,16.77
28AUG2013,16.96,17.11,16.10,16.49
29AUG2013,16.79,16.98,15.99,16.81
30AUG2013,16.75,17.81,16.70,17.01
03SEP2013,16.47,17.37,16.11,16.61
04SEP2013,16.88,17.01,15.77,15.88
05SEP2013,16.12,16.12,15.63,15.77
06SEP2013,15.35,16.81,15.17,15.85
09SEP2013,15.86,16.02,15.22,15.63
10SEP2013,14.89,15.09,14.50,14.53
11SEP2013,14.74,14.74,13.82,13.82
12SEP2013,13.93,14.39,13.73,14.29
13SEP2013,14.27,14.55,14.11,14.16
16SEP2013,14.10,14.49,13.87,14.38
17SEP2013,14.44,14.61,14.28,14.53
18SEP2013,14.68,14.68,13.23,13.59
19SEP2013,13.02,13.39,13.02,13.16
20SEP2013,13.30,13.47,12.52,13.12
23SEP2013,14.04,14.71,14.02,14.31
24SEP2013,14.17,14.37,13.75,14.08
25SEP2013,14.24,14.62,13.89,14.01
26SEP2013,13.80,14.40,13.58,14.06
27SEP2013,14.62,15.79,14.62,15.46
30SEP2013,17.49,17.49,16.16,16.60
01OCT2013,16.31,16.46,15.47,15.54
02OCT2013,16.40,16.81,16.13,16.60
03OCT2013,16.63,18.71,16.63,17.67
04OCT2013,17.72,17.87,16.66,16.74
07OCT2013,18.76,19.41,18.08,19.41
08OCT2013,19.01,21.01,18.98,20.34
09OCT2013,20.19,21.34,19.04,19.60
10OCT2013,17.66,17.92,16.29,16.48
11OCT2013,16.31,16.38,15.46,15.72
14OCT2013,17.08,17.74,15.80,16.07
15OCT2013,16.41,18.67,16.16,18.66
16OCT2013,17.14,17.15,14.67,14.71
17OCT2013,14.52,14.59,12.89,13.48
18OCT2013,12.86,13.53,12.34,13.04
21OCT2013,13.34,13.63,13.07,13.16
22OCT2013,12.99,13.92,12.93,13.33
23OCT2013,13.71,14.21,13.42,13.42
24OCT2013,13.50,13.62,13.15,13.20
25OCT2013,13.16,13.44,13.08,13.09
28OCT2013,13.62,13.72,13.22,13.31
29OCT2013,13.25,13.63,13.06,13.41
30OCT2013,13.72,14.35,13.64,13.65
31OCT2013,13.83,14.02,13.28,13.75
01NOV2013,13.46,13.92,13.22,13.28
04NOV2013,13.35,13.67,12.91,12.93
05NOV2013,13.22,13.64,12.86,13.27
06NOV2013,13.01,13.33,12.67,12.67
07NOV2013,12.99,14.14,12.93,13.91
08NOV2013,13.76,13.80,12.84,12.90
11NOV2013,12.85,12.93,12.40,12.53
12NOV2013,12.80,13.06,12.63,12.82
13NOV2013,13.35,13.35,12.46,12.52
14NOV2013,12.80,12.94,12.28,12.37
15NOV2013,12.12,12.45,11.99,12.19
18NOV2013,12.41,13.22,12.41,13.10
19NOV2013,13.03,13.68,12.88,13.39
20NOV2013,13.56,13.94,12.97,13.40
21NOV2013,13.09,13.09,12.44,12.66
22NOV2013,12.69,12.91,12.24,12.26
25NOV2013,12.55,12.92,12.49,12.79
26NOV2013,12.84,12.99,12.49,12.81
27NOV2013,12.81,12.98,12.44,12.98
29NOV2013,13.06,13.78,12.93,13.70
02DEC2013,13.91,14.31,13.78,14.23
03DEC2013,14.74,15.04,14.43,14.55
04DEC2013,15.03,15.71,14.22,14.70
05DEC2013,14.82,15.38,14.70,15.08
06DEC2013,13.97,14.09,13.62,13.79
09DEC2013,13.97,14.07,13.49,13.49
10DEC2013,14.14,14.22,13.69,13.91
11DEC2013,13.98,15.43,13.98,15.42
12DEC2013,15.44,16.09,15.21,15.54
13DEC2013,15.17,15.80,15.06,15.76
16DEC2013,15.64,16.08,15.30,16.03
17DEC2013,16.04,16.67,15.81,16.21
18DEC2013,15.95,16.75,13.74,13.80
19DEC2013,13.59,14.21,12.89,14.15
20DEC2013,13.61,13.87,13.12,13.79
23DEC2013,13.37,13.53,13.02,13.04
24DEC2013,12.85,12.89,12.48,12.48
26DEC2013,12.48,12.50,11.69,12.33
27DEC2013,12.21,12.59,12.20,12.46
30DEC2013,12.87,13.58,12.83,13.56
31DEC2013,13.43,14.35,13.38,13.72
02JAN2014,14.32,14.59,14.00,14.23
03JAN2014,14.06,14.22,13.57,13.76
06JAN2014,13.41,14.00,13.22,13.55
07JAN2014,12.38,13.28,12.16,12.92
08JAN2014,13.04,13.24,12.86,12.87
09JAN2014,12.83,13.26,12.83,12.89
10JAN2014,12.60,12.90,12.14,12.14
13JAN2014,12.18,13.65,11.82,13.28
14JAN2014,12.89,12.90,11.96,12.28
15JAN2014,12.15,12.40,11.81,12.28
16JAN2014,12.32,12.66,12.28,12.53
17JAN2014,12.34,12.93,12.04,12.44
21JAN2014,12.63,13.42,12.61,12.87
22JAN2014,12.57,13.12,12.55,12.84
23JAN2014,13.67,14.66,13.67,13.77
24JAN2014,14.95,18.14,14.92,18.14
27JAN2014,17.29,18.99,16.85,17.42
28JAN2014,17.27,17.28,15.80,15.80
29JAN2014,17.95,18.04,16.71,17.35
30JAN2014,16.37,17.39,15.96,17.29
31JAN2014,18.71,18.99,17.27,18.41
03FEB2014,18.57,21.48,18.34,21.44
04FEB2014,19.99,20.07,18.44,19.11
05FEB2014,19.59,20.72,19.13,19.95
06FEB2014,19.09,19.09,17.09,17.23
07FEB2014,16.15,16.31,15.09,15.29
10FEB2014,15.63,15.76,15.10,15.26
11FEB2014,15.29,15.29,14.08,14.51
12FEB2014,14.31,14.64,14.02,14.30
13FEB2014,15.24,15.24,13.98,14.14
14FEB2014,14.21,14.22,13.44,13.57
18FEB2014,13.95,14.51,13.77,13.87
19FEB2014,14.85,15.73,14.12,15.50
20FEB2014,15.28,15.80,14.59,14.79
21FEB2014,14.74,14.79,14.19,14.68
24FEB2014,14.83,14.83,13.97,14.23
25FEB2014,14.17,14.83,13.66,13.67
26FEB2014,13.83,14.54,13.73,14.35
27FEB2014,14.56,14.69,13.92,14.04
28FEB2014,14.22,14.79,13.49,14.00
03MAR2014,16.47,16.78,15.38,16.00
04MAR2014,14.53,14.54,14.00,14.10
05MAR2014,14.13,14.32,13.81,13.89
06MAR2014,13.82,14.42,13.73,14.21
07MAR2014,13.51,14.43,13.51,14.11
10MAR2014,14.76,15.28,14.20,14.20
11MAR2014,14.22,14.93,13.84,14.80
12MAR2014,15.37,15.64,14.43,14.47
13MAR2014,14.28,16.66,14.24,16.22
14MAR2014,16.74,18.22,16.09,17.82
17MAR2014,16.39,16.40,15.37,15.64
18MAR2014,15.42,15.47,14.16,14.52
19MAR2014,14.56,15.95,13.89,15.12
20MAR2014,15.58,15.62,14.50,14.52
21MAR2014,13.96,15.17,13.77,15.00
24MAR2014,14.70,16.07,14.56,15.09
25MAR2014,14.16,15.05,13.96,14.02
26MAR2014,13.64,15.28,13.46,14.93
27MAR2014,15.00,15.63,14.49,14.62
28MAR2014,14.15,14.86,13.73,14.41
31MAR2014,13.88,14.16,13.57,13.88
01APR2014,13.43,13.56,13.06,13.10
02APR2014,13.17,13.35,12.92,13.09
03APR2014,13.02,13.70,13.02,13.37
04APR2014,12.88,14.55,12.60,13.96
07APR2014,14.96,16.01,14.57,15.57
08APR2014,15.59,16.20,14.81,14.89
09APR2014,14.58,14.94,13.70,13.82
10APR2014,13.98,16.38,13.81,15.89
11APR2014,16.66,17.85,15.89,17.03
14APR2014,16.14,17.40,16.10,16.11
15APR2014,16.14,17.50,15.47,15.61
16APR2014,14.89,15.27,14.05,14.18
17APR2014,14.09,14.17,13.07,13.36
21APR2014,14.10,14.11,13.17,13.25
22APR2014,13.13,13.26,12.90,13.19
23APR2014,13.35,13.75,13.27,13.27
24APR2014,13.36,14.08,13.09,13.32
25APR2014,13.93,14.67,13.91,14.06
28APR2014,14.27,15.28,13.82,13.97
29APR2014,13.88,14.24,13.61,13.71
30APR2014,14.05,14.18,13.34,13.41
01MAY2014,13.64,13.75,13.10,13.25
02MAY2014,13.15,13.50,12.83,12.91
05MAY2014,13.95,14.20,13.08,13.29
06MAY2014,13.65,13.90,13.28,13.80
07MAY2014,13.64,14.49,13.39,13.40
08MAY2014,13.69,13.88,12.92,13.43
09MAY2014,13.55,14.03,12.87,12.92
12MAY2014,12.46,12.58,11.88,12.23
13MAY2014,12.36,12.74,12.05,12.13
14MAY2014,12.42,12.51,12.03,12.17
15MAY2014,12.73,13.77,12.72,13.17
16MAY2014,13.31,13.66,12.26,12.44
19MAY2014,13.17,13.21,12.28,12.42
20MAY2014,12.69,13.30,12.32,12.96
21MAY2014,12.38,12.46,11.80,11.91
22MAY2014,11.93,12.09,11.68,12.03
23MAY2014,11.96,11.97,11.36,11.36
27MAY2014,11.69,11.84,11.50,11.51
28MAY2014,11.60,11.86,11.50,11.68
29MAY2014,11.58,11.82,11.41,11.57
30MAY2014,11.66,11.70,11.32,11.40
02JUN2014,11.69,12.17,11.29,11.58
03JUN2014,12.03,12.13,11.72,11.87
04JUN2014,12.15,12.33,11.91,12.08
05JUN2014,12.09,12.34,11.44,11.68
06JUN2014,11.32,11.39,10.73,10.73
09JUN2014,11.23,11.51,10.99,11.15
10JUN2014,11.30,11.66,10.93,10.99
11JUN2014,11.42,11.87,11.19,11.60
12JUN2014,11.81,12.81,11.71,12.56
13JUN2014,12.45,12.69,11.89,12.18
16JUN2014,12.65,12.87,12.28,12.65
17JUN2014,12.81,12.89,12.06,12.06
18JUN2014,11.80,11.91,10.57,10.61
19JUN2014,10.53,10.82,10.42,10.62
20JUN2014,10.40,11.02,10.34,10.85
23JUN2014,11.26,11.35,10.92,10.98
24JUN2014,11.02,12.27,10.87,12.13
25JUN2014,12.31,12.33,11.37,11.59
26JUN2014,11.51,12.51,11.50,11.63
27JUN2014,11.72,12.04,11.19,11.26
30JUN2014,11.75,11.81,11.30,11.57
01JUL2014,11.28,11.42,10.92,11.15
02JUL2014,11.18,11.18,10.56,10.82
03JUL2014,10.47,10.76,10.28,10.32
07JUL2014,11.15,11.54,11.01,11.33
08JUL2014,11.72,12.51,11.72,11.98
09JUL2014,11.74,12.05,11.50,11.65
10JUL2014,13.22,13.23,12.05,12.59
11JUL2014,12.50,12.68,12.07,12.08
14JUL2014,11.60,11.83,11.40,11.82
15JUL2014,11.53,12.47,11.46,11.96
16JUL2014,10.81,11.45,10.59,11.00
17JUL2014,11.35,15.38,10.85,14.54
18JUL2014,13.34,13.55,12.04,12.06
21JUL2014,12.85,13.62,12.46,12.81
22JUL2014,11.97,12.24,11.69,12.24
23JUL2014,11.54,12.16,11.41,11.52
24JUL2014,11.43,12.06,11.43,11.84
25JUL2014,12.03,12.75,12.03,12.69
28JUL2014,12.93,13.64,12.54,12.56
29JUL2014,12.35,13.35,12.12,13.28
30JUL2014,12.63,14.07,12.53,13.33
31JUL2014,14.35,17.11,14.26,16.95
01AUG2014,16.67,17.57,15.52,17.03
04AUG2014,16.64,16.80,14.69,15.12
05AUG2014,15.54,17.14,15.10,16.87
06AUG2014,17.22,17.30,15.70,16.37
07AUG2014,15.50,17.25,15.44,16.66
08AUG2014,16.43,17.09,15.53,15.77
11AUG2014,15.16,15.16,13.72,14.23
12AUG2014,14.42,14.74,13.76,14.13
13AUG2014,13.57,13.93,12.84,12.90
14AUG2014,13.05,13.13,12.42,12.42
15AUG2014,11.91,14.94,11.89,13.15
18AUG2014,12.85,12.85,12.26,12.32
19AUG2014,12.14,12.46,11.91,12.21
20AUG2014,12.23,12.24,11.60,11.78
21AUG2014,11.93,13.51,11.52,11.76
22AUG2014,11.88,12.48,11.47,11.47
25AUG2014,11.58,11.77,11.24,11.70
26AUG2014,11.33,11.93,11.33,11.63
27AUG2014,11.69,11.93,11.54,11.78
28AUG2014,12.38,12.73,12.05,12.05
29AUG2014,11.86,12.44,11.78,11.98
02SEP2014,12.32,13.41,12.23,12.25
03SEP2014,12.03,12.55,11.91,12.36
04SEP2014,12.40,12.99,11.70,12.64
05SEP2014,12.37,13.18,11.96,12.09
08SEP2014,12.64,13.09,12.40,12.66
09SEP2014,12.70,13.91,12.70,13.50
10SEP2014,13.36,14.06,12.86,12.88
11SEP2014,13.53,13.67,12.66,12.80
12SEP2014,12.85,14.27,12.85,13.31
15SEP2014,13.54,14.19,13.54,14.12
16SEP2014,14.48,14.53,12.72,12.73
17SEP2014,13.06,14.53,11.73,12.65
18SEP2014,12.55,12.58,11.98,12.03
19SEP2014,11.73,12.61,11.52,12.11
22SEP2014,13.14,13.98,13.13,13.69
23SEP2014,14.82,14.94,13.83,14.93
24SEP2014,14.62,14.93,13.24,13.27
25SEP2014,14.11,16.69,14.03,15.64
26SEP2014,15.77,15.98,14.31,14.85
29SEP2014,16.96,17.08,15.45,15.98
30SEP2014,15.49,16.43,15.18,16.31
01OCT2014,16.44,17.56,16.08,16.71
02OCT2014,16.70,17.98,15.90,16.16
03OCT2014,15.16,15.43,14.44,14.55
06OCT2014,14.46,15.77,14.05,15.46
07OCT2014,16.18,17.46,15.97,17.20
08OCT2014,17.35,18.03,14.97,15.11
09OCT2014,15.64,19.38,15.34,18.76
10OCT2014,19.11,22.06,18.14,21.24
13OCT2014,21.16,24.64,20.52,24.64
14OCT2014,23.77,24.55,21.48,22.79
15OCT2014,26.36,31.06,24.64,26.25
16OCT2014,29.26,29.41,24.61,25.20
17OCT2014,21.68,23.08,20.23,21.99
20OCT2014,22.11,22.16,18.51,18.57
21OCT2014,17.72,17.75,16.03,16.08
22OCT2014,16.06,18.43,15.56,17.87
23OCT2014,16.07,17.06,15.68,16.53
24OCT2014,16.43,18.06,16.09,16.11
27OCT2014,17.24,17.87,16.00,16.04
28OCT2014,15.69,15.78,14.39,14.39
29OCT2014,14.61,16.28,14.19,15.15
30OCT2014,15.31,15.75,14.07,14.52
31OCT2014,13.84,14.83,13.72,14.03
03NOV2014,14.41,14.99,14.23,14.73
04NOV2014,15.05,15.93,14.83,14.89
05NOV2014,14.15,14.99,14.15,14.17
06NOV2014,14.46,15.08,13.67,13.67
07NOV2014,13.71,14.16,13.01,13.12
10NOV2014,13.16,13.25,12.38,12.67
11NOV2014,12.71,13.18,12.60,12.92
12NOV2014,13.76,13.76,12.99,13.02
13NOV2014,13.33,14.31,12.87,13.79
14NOV2014,13.79,14.15,13.31,13.31
17NOV2014,14.70,14.73,13.84,13.99
18NOV2014,13.86,13.99,13.13,13.86
19NOV2014,14.01,14.78,13.83,13.96
20NOV2014,14.66,15.74,13.58,13.58
21NOV2014,13.16,13.80,12.90,12.90
24NOV2014,12.92,13.02,12.43,12.62
25NOV2014,12.55,13.02,12.23,12.25
26NOV2014,12.27,12.40,11.91,12.07
28NOV2014,12.64,13.49,12.36,13.33
01DEC2014,14.16,14.75,13.94,14.29
02DEC2014,14.10,14.17,12.85,12.85
03DEC2014,12.75,12.88,12.21,12.47
04DEC2014,12.70,13.23,12.09,12.38
05DEC2014,12.08,12.28,11.53,11.82
08DEC2014,13.05,14.67,12.55,14.21
09DEC2014,16.23,16.68,14.84,14.89
10DEC2014,15.56,18.92,15.40,18.53
11DEC2014,17.68,20.13,15.94,20.08
12DEC2014,20.51,23.06,18.34,21.08
15DEC2014,19.59,24.83,17.77,20.42
16DEC2014,23.55,25.20,19.60,23.57
17DEC2014,23.90,24.61,19.26,19.44
18DEC2014,17.14,18.51,16.07,16.81
19DEC2014,16.57,17.20,16.11,16.49
22DEC2014,16.32,16.88,15.03,15.25
23DEC2014,14.47,15.21,14.32,14.80
24DEC2014,14.52,14.54,14.01,14.37
26DEC2014,14.60,14.84,14.13,14.50
29DEC2014,16.04,16.14,15.06,15.06
30DEC2014,15.90,16.20,15.48,15.92
31DEC2014,15.91,19.91,15.86,19.20
02JAN2015,17.76,20.14,17.05,17.79
05JAN2015,19.19,21.29,19.19,19.92
06JAN2015,20.33,22.90,19.52,21.12
07JAN2015,20.15,20.72,19.04,19.31
08JAN2015,17.93,18.09,16.99,17.01
09JAN2015,16.44,18.42,16.44,17.55
12JAN2015,18.02,20.44,18.02,19.60
13JAN2015,18.21,21.58,17.65,20.56
14JAN2015,22.87,23.34,21.32,21.48
15JAN2015,21.23,23.31,20.86,22.39
16JAN2015,22.80,23.43,20.95,20.95
20JAN2015,20.07,21.37,19.58,19.89
21JAN2015,20.92,21.28,18.64,18.85
22JAN2015,17.98,19.23,16.07,16.40
23JAN2015,16.79,17.09,15.81,16.66
26JAN2015,16.96,17.43,15.52,15.52
27JAN2015,17.60,18.41,16.67,17.22
28JAN2015,16.97,20.44,16.92,20.44
29JAN2015,20.46,21.56,18.66,18.76
30JAN2015,20.23,22.18,19.24,20.97
02FEB2015,20.89,22.81,19.35,19.43
03FEB2015,18.41,18.89,17.20,17.33
04FEB2015,17.82,18.38,16.82,18.33
05FEB2015,17.29,17.43,16.67,16.85
06FEB2015,16.29,18.74,16.06,17.29
09FEB2015,19.16,19.28,18.21,18.55
10FEB2015,17.72,18.36,16.97,17.23
11FEB2015,17.43,17.81,16.82,16.96
12FEB2015,16.39,16.47,15.28,15.34
13FEB2015,15.11,15.64,14.69,14.69
17FEB2015,15.86,16.33,15.53,15.80
18FEB2015,16.74,16.74,15.44,15.45
19FEB2015,16.11,16.22,15.10,15.29
20FEB2015,15.73,16.29,14.27,14.30
23FEB2015,15.05,15.48,14.49,14.56
24FEB2015,14.50,14.63,13.53,13.69
25FEB2015,13.64,14.06,12.86,13.84
26FEB2015,13.55,14.57,13.55,13.91
27FEB2015,14.07,14.17,13.29,13.34
02MAR2015,13.90,13.90,12.87,13.04
03MAR2015,13.35,14.69,13.25,13.86
04MAR2015,14.31,15.33,14.13,14.23
05MAR2015,14.01,14.58,13.88,14.04
06MAR2015,14.61,15.83,14.18,15.20
09MAR2015,15.72,15.76,14.71,15.06
10MAR2015,16.47,16.91,16.03,16.69
11MAR2015,16.44,17.19,16.29,16.87
12MAR2015,16.45,16.45,15.30,15.42
13MAR2015,15.47,16.74,15.32,16.00
16MAR2015,15.78,15.89,15.36,15.61
17MAR2015,16.31,16.37,15.66,15.66
18MAR2015,14.60,16.29,13.38,13.97
19MAR2015,14.68,14.97,13.84,14.07
20MAR2015,13.52,13.53,12.54,13.02
23MAR2015,13.52,13.53,12.89,13.41
24MAR2015,13.36,13.68,12.59,13.62
25MAR2015,13.26,15.55,13.20,15.44
26MAR2015,16.64,17.19,15.23,15.80
27MAR2015,15.73,15.83,14.19,15.07
30MAR2015,14.76,14.76,14.08,14.51
31MAR2015,14.97,15.74,14.33,15.29
01APR2015,15.32,16.66,15.08,15.11
02APR2015,15.30,15.51,14.27,14.67
06APR2015,15.75,15.76,14.04,14.74
07APR2015,14.57,14.81,14.01,14.78
08APR2015,14.59,14.77,13.75,13.98
09APR2015,14.14,14.59,13.09,13.09
10APR2015,13.20,13.26,12.51,12.58
13APR2015,13.17,14.31,12.71,13.94
14APR2015,14.34,14.74,13.64,13.67
15APR2015,13.58,13.58,12.83,12.84
16APR2015,13.27,13.35,12.50,12.60
17APR2015,13.97,15.02,13.73,13.89
20APR2015,13.67,13.67,12.83,13.30
21APR2015,12.75,13.51,12.66,13.25
22APR2015,12.97,13.80,12.57,12.71
23APR2015,12.96,12.96,12.12,12.48
24APR2015,12.21,13.02,12.16,12.29
27APR2015,12.34,13.40,12.33,13.12
28APR2015,13.26,14.23,12.41,12.41
29APR2015,13.44,14.34,12.61,13.39
30APR2015,13.89,15.29,12.49,14.55
01MAY2015,13.98,13.98,12.68,12.70
04MAY2015,13.12,13.18,12.10,12.85
05MAY2015,13.21,14.41,12.97,14.31
06MAY2015,13.93,16.36,13.89,15.15
07MAY2015,15.48,15.97,14.81,15.13
08MAY2015,13.36,13.42,12.70,12.86
11MAY2015,13.35,13.85,13.00,13.85
12MAY2015,14.73,15.13,13.73,13.86
13MAY2015,13.63,14.04,13.06,13.76
14MAY2015,13.14,13.29,12.72,12.74
15MAY2015,12.46,13.09,12.35,12.38
18MAY2015,13.08,13.22,12.55,12.73
19MAY2015,12.95,13.13,12.55,12.85
20MAY2015,12.90,13.27,12.62,12.88
21MAY2015,13.03,13.09,12.09,12.11
22MAY2015,12.37,12.37,11.82,12.13
26MAY2015,13.45,14.63,13.34,14.06
27MAY2015,14.16,14.41,13.05,13.27
28MAY2015,13.49,13.99,13.31,13.31
29MAY2015,13.59,14.43,13.40,13.84
01JUN2015,13.92,14.86,13.47,13.97
02JUN2015,14.72,15.05,13.59,14.24
03JUN2015,13.73,14.20,13.40,13.66
04JUN2015,14.57,15.49,13.99,14.71
05JUN2015,15.01,15.65,14.21,14.21
08JUN2015,14.84,15.50,14.67,15.29
09JUN2015,15.18,15.74,14.47,14.47
10JUN2015,14.24,14.37,12.96,13.22
11JUN2015,13.04,13.22,12.56,12.85
12JUN2015,13.31,14.02,13.30,13.78
15JUN2015,15.48,15.57,14.91,15.39
16JUN2015,15.62,15.62,14.81,14.81
17JUN2015,14.66,15.49,14.07,14.50
18JUN2015,14.03,14.03,12.54,13.19
19JUN2015,13.35,14.00,12.96,13.96
22JUN2015,13.42,13.46,12.43,12.74
23JUN2015,12.50,12.68,11.93,12.11
24JUN2015,12.57,13.33,12.01,13.26
25JUN2015,12.96,14.16,12.92,14.01
26JUN2015,14.13,14.91,13.64,14.02
29JUN2015,16.70,19.50,15.82,18.85
30JUN2015,17.60,19.80,17.49,18.23
01JUL2015,16.63,17.26,15.65,16.09
02JUL2015,15.43,17.48,15.39,16.79
06JUL2015,18.65,18.95,16.57,17.01
07JUL2015,17.22,19.20,15.93,16.09
08JUL2015,17.38,19.76,16.94,19.66
09JUL2015,17.46,20.05,17.20,19.97
10JUL2015,17.45,18.17,16.60,16.83
13JUL2015,15.29,15.36,13.82,13.90
14JUL2015,13.91,13.95,12.90,13.37
15JUL2015,13.35,13.97,12.81,13.23
16JUL2015,12.59,12.61,11.87,12.11
17JUL2015,11.77,12.22,11.77,11.95
20JUL2015,12.25,12.37,11.71,12.25
21JUL2015,12.42,12.79,12.21,12.22
22JUL2015,12.77,12.83,12.05,12.12
23JUL2015,12.06,13.08,11.73,12.64
24JUL2015,12.87,14.73,12.86,13.74
27JUL2015,15.60,16.27,15.03,15.60
28JUL2015,14.87,15.62,13.32,13.44
29JUL2015,13.57,13.59,11.85,12.50
30JUL2015,12.72,13.42,12.09,12.13
31JUL2015,12.03,12.63,11.82,12.12
03AUG2015,12.85,13.55,12.32,12.56
04AUG2015,12.66,13.22,12.29,13.00
05AUG2015,12.02,12.72,10.88,12.51
06AUG2015,12.20,14.25,12.16,13.77
07AUG2015,13.57,14.58,13.29,13.39
10AUG2015,12.73,12.78,12.18,12.23
11AUG2015,13.24,14.33,13.02,13.71
12AUG2015,15.19,16.28,13.45,13.61
13AUG2015,13.87,14.33,13.06,13.49
14AUG2015,13.69,13.87,12.80,12.83
17AUG2015,14.32,14.52,13.01,13.02
18AUG2015,13.41,13.94,13.17,13.79
19AUG2015,14.84,15.96,13.73,15.25
20AUG2015,16.55,19.24,16.13,19.14
21AUG2015,22.55,28.38,20.80,28.03
24AUG2015,28.03,53.29,28.03,40.74
25AUG2015,31.13,38.06,28.08,36.02
26AUG2015,31.13,35.62,28.67,30.32
27AUG2015,27.11,29.90,24.49,26.10
28AUG2015,26.69,29.20,25.77,26.05
31AUG2015,27.03,29.37,26.63,28.43
01SEP2015,31.91,33.82,29.91,31.40
02SEP2015,29.14,30.45,24.77,26.09
03SEP2015,25.21,26.31,23.45,25.61
04SEP2015,27.43,29.47,25.68,27.80
08SEP2015,25.05,26.25,24.13,24.90
09SEP2015,22.39,26.82,21.51,26.23
10SEP2015,26.87,27.22,23.53,24.37
11SEP2015,25.38,25.81,23.15,23.20
14SEP2015,24.03,25.32,23.64,24.25
15SEP2015,23.28,23.77,22.13,22.54
16SEP2015,22.57,22.94,21.09,21.35
17SEP2015,21.54,23.33,17.87,21.14
18SEP2015,23.07,23.99,20.98,22.28
21SEP2015,21.97,22.48,20.05,20.14
22SEP2015,22.97,26.29,22.25,22.44
23SEP2015,22.09,23.20,21.14,22.13
24SEP2015,23.53,25.30,21.81,23.47
25SEP2015,21.12,24.29,20.81,23.62
28SEP2015,25.02,28.33,24.94,27.63
29SEP2015,26.57,28.20,25.76,26.83
30SEP2015,24.64,25.88,23.25,24.50
01OCT2015,23.14,25.23,22.55,22.55
02OCT2015,23.99,24.47,20.35,20.94
05OCT2015,20.31,20.42,19.14,19.54
06OCT2015,19.54,20.32,18.82,19.40
07OCT2015,18.96,19.73,18.33,18.40
08OCT2015,18.62,19.02,16.34,17.42
09OCT2015,17.15,18.20,16.89,17.08
12OCT2015,17.68,17.81,16.15,16.17
13OCT2015,17.08,17.70,16.14,17.67
14OCT2015,17.67,18.78,17.30,18.03
15OCT2015,17.62,17.85,16.04,16.05
16OCT2015,15.64,16.86,15.05,15.05
19OCT2015,15.68,16.23,14.82,14.98
20OCT2015,15.17,16.34,14.72,15.75
21OCT2015,14.98,16.70,14.41,16.70
22OCT2015,15.02,15.92,14.45,14.45
23OCT2015,13.46,15.12,13.24,14.46
26OCT2015,14.76,15.43,14.68,15.29
27OCT2015,15.75,15.99,14.78,15.43
28OCT2015,15.14,15.73,12.80,14.33
29OCT2015,14.80,15.46,14.33,14.61
30OCT2015,14.60,15.39,14.00,15.07
02NOV2015,15.41,15.51,13.67,14.15
03NOV2015,14.33,14.73,13.81,14.54
04NOV2015,14.04,15.88,13.96,15.51
05NOV2015,15.39,16.39,15.00,15.05
06NOV2015,14.91,16.00,14.32,14.33
09NOV2015,15.34,17.09,15.14,16.52
10NOV2015,16.69,16.96,15.24,15.29
11NOV2015,15.07,16.15,15.02,16.06
12NOV2015,17.06,18.50,16.65,18.37
13NOV2015,18.68,20.67,18.20,20.08
16NOV2015,20.51,20.55,17.25,18.16
17NOV2015,17.82,19.59,16.86,18.84
18NOV2015,19.01,19.45,16.80,16.85
19NOV2015,16.25,18.26,16.00,16.99
20NOV2015,16.13,16.38,15.47,15.47
23NOV2015,16.15,16.74,15.38,15.62
24NOV2015,16.53,17.21,15.48,15.93
25NOV2015,15.55,15.89,15.05,15.19
27NOV2015,15.31,16.09,15.12,15.12
30NOV2015,15.55,16.57,15.52,16.13
01DEC2015,15.61,16.34,14.63,14.67
02DEC2015,15.04,16.49,14.71,15.91
03DEC2015,15.87,19.35,15.86,18.11
04DEC2015,17.43,17.65,14.69,14.81
07DEC2015,15.65,17.18,15.58,15.84
08DEC2015,17.69,18.33,16.52,17.60
09DEC2015,18.05,20.13,15.72,19.61
10DEC2015,19.25,19.72,18.13,19.34
11DEC2015,21.36,25.27,20.88,24.39
14DEC2015,24.70,26.81,21.47,22.73
15DEC2015,20.76,21.62,20.02,20.95
16DEC2015,19.25,20.24,17.12,17.86
17DEC2015,16.18,19.05,16.13,18.94
18DEC2015,19.34,23.30,18.75,20.70
21DEC2015,19.64,20.21,18.70,18.70
22DEC2015,17.61,18.22,16.60,16.60
23DEC2015,15.86,16.25,15.33,15.57
24DEC2015,15.44,15.88,14.45,15.74
28DEC2015,17.65,18.13,16.88,16.91
29DEC2015,15.91,16.48,15.63,16.08
30DEC2015,16.50,17.42,16.50,17.29
31DEC2015,17.97,20.39,17.51,18.21
04JAN2016,22.48,23.36,20.67,20.70
05JAN2016,20.75,21.06,19.25,19.34
06JAN2016,21.67,21.86,19.80,20.59
07JAN2016,23.22,25.86,22.40,24.99
08JAN2016,22.96,27.08,22.48,27.01
11JAN2016,25.58,27.39,23.83,24.30
12JAN2016,22.97,23.93,21.91,22.47
13JAN2016,21.72,26.11,21.44,25.22
14JAN2016,24.75,26.28,23.07,23.95
15JAN2016,28.96,30.95,26.67,27.02
19JAN2016,25.40,27.59,25.21,26.05
20JAN2016,27.78,32.09,26.59,27.59
21JAN2016,27.79,28.43,25.01,26.69
22JAN2016,24.21,24.55,22.22,22.34
25JAN2016,23.30,24.31,22.38,24.15
26JAN2016,23.75,24.02,22.33,22.50
27JAN2016,22.88,27.22,20.42,23.11
28JAN2016,22.15,23.81,21.90,22.42
29JAN2016,21.59,21.74,19.50,20.20
01FEB2016,21.32,23.66,19.61,19.98
02FEB2016,21.34,22.42,21.06,21.98
03FEB2016,21.49,27.70,21.42,21.65
04FEB2016,22.29,23.14,21.24,21.84
05FEB2016,22.09,24.11,21.91,23.38
08FEB2016,25.89,27.72,25.56,26.00
09FEB2016,28.30,28.31,25.99,26.54
10FEB2016,25.75,26.60,24.47,26.29
11FEB2016,29.01,30.90,26.67,28.14
12FEB2016,27.16,27.57,24.92,25.40
16FEB2016,24.96,25.52,23.32,24.11
17FEB2016,23.40,24.16,21.83,22.31
18FEB2016,22.16,22.53,21.29,21.64
19FEB2016,22.39,23.44,20.52,20.53
22FEB2016,20.14,20.35,19.02,19.38
23FEB2016,19.75,21.16,19.54,20.98
24FEB2016,22.28,22.87,20.26,20.72
25FEB2016,20.54,21.26,19.10,19.11
26FEB2016,18.89,20.13,18.46,19.81
29FEB2016,20.49,20.81,18.38,20.55
01MAR2016,19.84,20.17,17.66,17.70
02MAR2016,17.98,18.41,16.78,17.09
03MAR2016,17.25,17.56,16.32,16.70
04MAR2016,16.48,17.35,16.05,16.86
07MAR2016,17.98,18.04,16.87,17.35
08MAR2016,18.38,18.89,17.82,18.67
09MAR2016,18.56,19.11,18.31,18.34
10MAR2016,18.17,19.59,17.06,18.05
11MAR2016,17.09,17.27,16.28,16.50
14MAR2016,17.01,17.67,16.69,16.92
15MAR2016,17.60,17.85,16.84,16.84
16MAR2016,15.96,16.33,14.89,14.99
17MAR2016,15.34,15.38,13.82,14.44
18MAR2016,14.05,14.36,13.75,14.02
21MAR2016,14.57,14.73,13.79,13.79
22MAR2016,14.57,14.76,13.75,14.17
23MAR2016,14.57,15.03,14.33,14.94
24MAR2016,16.30,16.44,14.71,14.74
28MAR2016,15.65,16.04,14.89,15.24
29MAR2016,15.74,15.89,13.79,13.82
30MAR2016,13.69,13.89,13.06,13.56
31MAR2016,13.73,14.28,13.49,13.95
01APR2016,15.23,15.28,13.00,13.10
04APR2016,13.88,14.24,13.66,14.12
05APR2016,15.39,15.72,14.93,15.42
06APR2016,15.61,15.98,14.00,14.09
07APR2016,15.14,16.77,14.68,16.16
08APR2016,15.34,15.93,14.84,15.36
11APR2016,15.34,16.26,14.83,16.26
12APR2016,15.98,16.57,14.84,14.85
13APR2016,14.49,14.53,13.60,13.84
14APR2016,13.90,14.12,13.38,13.72
15APR2016,13.77,14.19,13.58,13.62
18APR2016,14.87,14.94,13.23,13.35
19APR2016,13.18,13.88,12.98,13.24
20APR2016,13.39,13.50,12.50,13.28
21APR2016,13.20,14.14,13.16,13.95
22APR2016,13.70,14.19,13.15,13.22
25APR2016,14.07,14.76,13.86,14.08
26APR2016,14.01,14.43,13.66,13.96
27APR2016,14.15,14.95,13.50,13.77
28APR2016,14.53,15.61,13.30,15.22
29APR2016,15.21,17.09,14.91,15.70
